dist,block,village
71,16,145
71,16,146
71,16,147
71,16,148
71,16,149
71,16,150
71,16,151
71,16,152
71,16,153
71,16,154
71,16,155
71,16,156
71,16,157
71,16,158
71,16,159
71,16,160
71,16,161
71,16,162
71,16,163
71,16,164
71,16,165
71,16,166
71,16,167
71,16,168
71,16,169
71,16,170
71,16,171
71,16,172
71,16,173
71,16,174
71,16,175
71,16,176
71,16,177
71,16,178
71,16,179
71,16,180
71,16,181
71,16,182
71,16,183
71,16,184
71,16,185
71,16,186
71,16,187
71,16,188
71,16,189
71,16,190
71,16,191
71,16,192
71,16,193
71,16,194
71,16,195
71,16,196
71,16,197
71,16,198
71,16,199
71,16,200
71,16,201
71,16,202
71,16,203
71,16,204
71,16,205
71,16,206
71,16,207
71,16,208
71,16,209
71,16,210
71,16,211
71,16,212
71,16,213
71,16,214
71,16,215
71,16,216
71,16,217
71,16,218
71,16,219
71,16,220
71,16,221
71,16,222
71,16,223
71,16,224
71,16,225
71,16,226
71,16,227
71,16,228
71,16,229
71,16,230
71,16,231
71,16,232
71,16,233
71,16,234
71,16,235
71,16,236
71,16,237
71,16,238
71,16,239
71,16,240
71,16,241
71,16,242
71,16,243
71,16,244
71,16,245
71,16,246
71,16,247
71,16,248
71,16,249
71,16,250
71,16,251
71,16,252
71,16,253
71,16,254
71,16,255
71,16,256
71,16,257
71,16,258
71,16,259
71,16,260
71,16,261
71,16,262
71,16,263
71,16,264
71,16,265
71,16,266
71,16,267
71,16,268
71,16,269
71,16,270
71,16,271
71,16,272
71,16,273
71,16,274
71,16,275
71,16,276
71,16,277
71,16,278
71,16,279
71,16,280
71,16,281
71,16,282
71,16,283
71,16,284
71,16,285
71,16,286
71,16,287
71,16,288
71,16,289
71,16,290
71,16,291
71,16,292
71,16,293
71,16,294
71,16,295
71,16,296
71,16,297
71,16,298
71,16,299
71,16,300
71,16,301
71,16,302
71,16,303
71,16,304
71,16,305
71,16,306
71,16,307
71,16,308
71,16,309
71,16,310
71,16,311
71,16,312
71,16,313
71,16,314
71,16,315
71,16,316
71,16,317
71,16,318
71,16,319
71,16,320
71,16,321
71,16,322
71,16,323
71,16,324
71,16,325
71,16,326
71,16,327
71,16,328
71,16,329
71,16,330
71,16,331
71,16,332
71,16,333
71,16,334
71,16,335
71,16,336
71,16,337
71,16,338
71,16,339
71,16,340
71,16,341
71,16,342
71,16,343
71,16,344
71,16,345
71,16,346
71,16,347
71,16,348
71,16,349
71,16,350
71,16,351
71,16,352
71,16,353
71,16,354
71,16,355
71,16,356
71,16,357
71,16,358
71,16,359
71,16,360
71,16,361
71,16,362
71,16,363
71,16,364
71,16,365
71,16,366
71,16,367
71,16,368
71,16,369
71,16,370
71,16,371
71,16,372
71,16,373
71,16,374
71,16,375
71,16,376
71,16,377
71,16,378
71,16,379
71,16,380
71,16,381
71,16,382
71,16,383
71,16,384
71,16,385
71,16,386
71,16,387
71,16,388
71,16,389
71,16,390
71,16,391
71,16,392
71,16,393
71,16,394
71,16,395
71,16,396
71,16,397
71,16,398
71,16,399
71,16,400
71,16,401
71,16,402
71,16,403
71,16,404
71,16,405
71,16,406
71,16,407
71,16,408
71,16,409
71,16,410
71,16,411
71,16,412
71,16,413
71,16,414
71,16,415
71,16,416
71,16,417
71,16,418
71,16,419
71,16,420
71,16,421
71,16,422
71,16,423
71,16,424
71,16,425
71,16,426
71,16,427
71,16,428
71,16,429
71,16,430
71,16,431
71,16,432
71,16,433
71,16,434
71,16,435
71,16,436
71,16,437
71,16,438
71,16,439
71,16,440
71,16,441
71,16,442
71,16,443
71,16,444
71,16,445
71,16,446
71,16,447
71,16,448
71,16,449
71,16,450
71,16,451
71,16,452
71,16,453
71,16,454
71,16,455
71,16,456
71,16,457
71,16,458
71,16,459
71,16,460
71,16,461
71,16,462
71,16,463
71,16,464
71,16,465
71,16,466
71,16,467
71,16,468
71,16,469
71,16,470
71,16,471
71,16,472
71,16,473
71,16,474
71,16,475
71,16,476
71,16,477
71,16,478
71,16,479
71,16,480
71,16,481
71,16,482
71,16,483
71,16,484
71,16,485
71,16,486
71,16,487
71,16,488
71,16,489
71,16,490
71,16,491
71,16,492
71,16,493
71,16,494
71,16,495
71,16,496
71,16,497
71,16,498
71,16,499
71,16,500
71,16,501
71,16,502
71,16,503
71,16,504
71,16,505
71,16,506
71,16,507
71,16,508
71,16,509
71,16,510
71,16,511
71,16,512
71,16,513
71,16,514
71,16,515
71,16,516
71,16,517
71,16,518
71,16,519
71,16,520
71,16,521
71,16,522
71,16,523
71,16,524
71,16,525
71,16,526
71,16,527
71,16,528
71,16,529
71,16,530
71,16,531
71,16,532
71,16,533
71,16,534
71,16,535
71,16,536
71,16,537
71,16,538
71,16,539
71,16,540
71,16,541
71,16,542
71,16,543
71,16,544
71,16,545
71,16,546
71,16,547
71,16,548
71,16,549
71,16,550
71,16,551
71,16,552
71,16,553
71,16,554
71,16,555
71,16,556
71,16,557
71,16,558
71,16,559
71,16,560
71,16,561
71,16,562
71,16,563
71,16,564
71,16,565
71,16,566
71,16,567
71,16,568
71,16,569
71,16,570
71,16,571
71,16,572
71,16,573
71,16,574
71,16,575
71,16,576
71,16,577
71,16,578
71,16,579
71,16,580
71,16,581
71,16,582
71,16,583
71,16,584
71,16,585
71,16,586
71,16,587
71,16,588
71,16,589
71,16,590
71,16,591
71,16,592
71,16,593
71,16,594
71,16,595
71,16,596
71,16,597
71,16,598
71,16,599
71,16,600
71,16,601
71,16,602
71,16,603
71,16,604
71,16,605
71,16,606
71,16,607
71,16,608
71,16,609
71,16,610
71,16,611
71,16,612
71,16,613
71,16,614
71,16,615
71,16,616
71,16,617
71,16,618
71,16,619
71,16,620
71,16,621
71,16,622
71,16,623
71,16,624
71,16,625
71,16,626
71,16,627
71,16,628
71,16,629
71,16,630
71,16,631
71,16,632
71,16,633
71,16,634
71,16,635
71,16,636
71,16,637
71,17,0
71,17,1
71,17,2
71,17,3
71,17,4
71,17,5
71,17,6
71,17,7
71,17,8
71,17,9
71,17,10
71,17,11
71,17,12
71,17,13
71,17,14
71,17,15
71,17,16
71,17,17
71,17,18
71,17,19
71,17,20
71,17,21
71,17,22
71,17,23
71,17,24
71,17,25
71,17,26
71,17,27
71,17,28
71,17,29
71,17,30
71,17,31
71,17,32
71,17,33
71,17,34
71,17,35
71,17,36
71,17,37
71,17,38
71,17,39
71,17,40
71,17,41
71,17,42
71,17,43
71,17,44
71,17,45
71,17,46
71,17,47
71,17,48
71,17,49
71,17,50
71,17,51
71,17,52
71,17,53
71,17,54
71,17,55
71,17,56
71,17,57
71,17,58
71,17,59
71,17,60
71,17,61
71,17,62
71,17,63
71,17,64
71,17,65
71,17,66
71,17,67
71,17,68
71,17,69
71,17,70
71,17,71
71,17,72
71,17,73
71,17,74
71,17,75
71,17,76
71,17,77
71,17,78
71,17,79
71,17,80
71,17,81
71,17,82
71,17,83
71,17,84
71,17,85
71,17,86
71,17,87
71,17,88
71,17,89
71,17,90
71,17,91
71,17,92
71,17,93
71,17,94
71,17,95
71,17,96
71,17,97
71,17,98
71,17,99
71,17,100
71,17,101
71,17,102
71,17,103
71,17,104
71,17,105
71,17,106
71,17,107
71,17,108
71,17,109
71,17,110
71,17,111
71,17,112
71,17,113
71,17,114
71,17,115
71,17,116
71,17,117
71,17,118
71,17,119
71,17,120
71,17,121
71,17,122
71,17,123
71,17,124
71,17,125
71,17,126
71,17,127
71,17,128
71,17,129
71,17,130
71,17,131
71,17,132
71,17,133
71,17,134
71,17,135
71,17,136
71,17,137
71,17,138
71,17,139
71,17,140
71,17,141
71,17,142
71,17,143
71,17,144
71,17,145
71,17,146
71,17,147
71,17,148
71,17,149
71,17,150
71,17,151
71,17,152
71,17,153
71,17,154
71,17,155
71,17,156
71,17,157
71,17,158
71,17,159
71,17,160
71,17,161
71,17,162
71,17,163
71,17,164
71,17,165
71,17,166
71,17,167
71,17,168
71,17,169
71,17,170
71,17,171
71,17,172
71,17,173
71,17,174
71,17,175
71,17,176
71,17,177
71,17,178
71,17,179
71,17,180
71,17,181
71,17,182
71,17,183
71,17,184
71,17,185
71,17,186
71,17,187
71,17,188
71,17,189
71,17,190
71,17,191
71,17,192
71,17,193
71,17,194
71,17,195
71,17,196
71,17,197
71,17,198
71,17,199
71,17,200
71,17,201
71,17,202
71,17,203
71,17,204
71,17,205
71,17,206
71,17,207
71,17,208
71,17,209
71,17,210
71,17,211
71,17,212
71,17,213
71,17,214
71,17,215
71,17,216
71,17,217
71,17,218
71,17,219
71,17,220
71,17,221
71,17,222
71,17,223
71,17,224
71,17,225
71,17,226
71,17,227
71,17,228
71,17,229
71,17,230
71,17,231
71,17,232
71,17,233
71,17,234
71,17,235
71,17,236
71,17,237
71,17,238
71,17,239
71,17,240
71,17,241
71,17,242
71,17,243
71,17,244
71,17,245
71,17,246
71,17,247
71,17,248
71,17,249
71,17,250
71,17,251
71,17,252
71,17,253
71,17,254
71,17,255
71,17,256
71,17,257
71,17,258
71,17,259
71,17,260
71,17,261
71,17,262
71,17,263
71,17,264
71,17,265
71,17,266
71,17,267
71,17,268
71,17,269
71,17,270
71,17,271
71,17,272
71,17,273
71,17,274
71,17,275
71,17,276
71,17,277
71,17,278
71,17,279
71,17,280
71,17,281
71,17,282
71,17,283
71,17,284
71,17,285
71,17,286
71,17,287
71,17,288
71,17,289
71,17,290
71,17,291
71,17,292
71,17,293
71,17,294
71,17,295
71,17,296
71,17,297
71,17,298
71,17,299
71,17,300
71,17,301
71,17,302
71,17,303
71,17,304
71,17,305
71,17,306
71,17,307
71,17,308
71,17,309
71,17,310
71,17,311
71,17,312
71,17,313
71,17,314
71,17,315
71,17,316
71,17,317
71,17,318
71,17,319
71,17,320
71,17,321
71,17,322
71,17,323
71,17,324
71,17,325
71,17,326
71,17,327
71,17,328
71,17,329
71,17,330
71,17,331
71,17,332
71,17,333
71,17,334
71,17,335
71,17,336
71,17,337
71,17,338
71,17,339
71,17,340
71,17,341
71,17,342
71,17,343
71,17,344
71,17,345
71,17,346
71,17,347
71,17,348
71,17,349
71,17,350
71,17,351
71,17,352
71,17,353
71,17,354
71,17,355
71,17,356
71,17,357
71,17,358
71,17,359
71,17,360
71,17,361
71,17,362
71,17,363
71,17,364
71,17,365
71,17,366
71,17,367
71,17,368
71,17,369
71,17,370
71,17,371
71,17,372
71,17,373
71,17,374
71,17,375
71,17,376
71,17,377
71,17,378
71,17,379
71,17,380
71,17,381
71,17,382
71,17,383
71,17,384
71,17,385
71,17,386
71,17,387
71,17,388
71,17,389
71,17,390
71,17,391
71,17,392
71,17,393
71,17,394
71,17,395
71,17,396
71,17,397
71,17,398
71,17,399
71,17,400
71,17,401
71,17,402
71,17,403
71,17,404
71,17,405
71,17,406
71,17,407
71,17,408
71,17,409
71,17,410
71,17,411
71,17,412
71,17,413
71,17,414
71,17,415
71,17,416
71,17,417
71,17,418
71,17,419
71,17,420
71,17,421
71,17,422
71,17,423
71,17,424
71,17,425
71,17,426
71,17,427
71,17,428
71,17,429
71,17,430
71,17,431
71,17,432
71,17,433
71,17,434
71,17,435
71,17,436
71,17,437
71,17,438
71,17,439
71,17,440
71,17,441
71,17,442
71,17,443
71,17,444
71,17,445
71,17,446
71,17,447
71,17,448
71,17,449
71,17,450
71,17,451
71,17,452
71,17,453
71,17,454
71,17,455
71,17,456
71,17,457
71,17,458
71,17,459
71,17,460
71,17,461
71,17,462
71,17,463
71,17,464
71,17,465
71,17,466
71,17,467
71,17,468
71,17,469
71,17,470
71,17,471
71,17,472
71,17,473
71,17,474
71,17,475
71,17,476
71,17,477
71,17,478
71,17,479
71,17,480
71,17,481
71,17,482
71,17,483
71,17,484
71,17,485
71,17,486
71,17,487
71,17,488
71,17,489
71,17,490
71,17,491
71,17,492
71,17,493
71,17,494
71,17,495
71,17,496
71,17,497
71,17,498
71,17,499
71,17,500
71,17,501
71,17,502
71,17,503
71,17,504
71,17,505
71,17,506
71,17,507
71,17,508
71,17,509
71,17,510
71,17,511
71,17,512
71,17,513
71,17,514
71,17,515
71,17,516
71,17,517
71,17,518
71,17,519
71,17,520
71,17,521
71,17,522
71,17,523
71,17,524
71,17,525
71,17,526
71,17,527
71,17,528
71,17,529
71,17,530
71,17,531
71,17,532
71,17,533
71,17,534
71,17,535
71,17,536
71,17,537
71,17,538
71,17,539
71,17,540
71,17,541
71,17,542
71,17,543
71,17,544
71,17,545
71,17,546
71,17,547
71,17,548
71,17,549
71,17,550
71,17,551
71,17,552
71,17,553
71,17,554
71,17,555
71,17,556
71,17,557
71,17,558
71,17,559
71,17,560
71,17,561
71,17,562
71,17,563
71,17,564
71,17,565
71,17,566
71,17,567
71,17,568
71,17,569
71,17,570
71,17,571
71,17,572
71,17,573
71,17,574
71,17,575
71,17,576
71,17,577
71,17,578
71,17,579
71,17,580
71,17,581
71,17,582
71,17,583
71,17,584
71,17,585
71,17,586
71,17,587
71,17,588
71,17,589
71,17,590
71,17,591
71,17,592
71,17,593
71,17,594
71,17,595
71,17,596
71,17,597
71,17,598
71,17,599
71,17,600
71,17,601
71,17,602
71,17,603
71,17,604
71,17,605
71,17,606
71,17,607
71,17,608
71,17,609
71,18,0
71,18,1
71,18,2
71,18,3
71,18,4
71,18,5
71,18,6
71,18,7
71,18,8
71,18,9
71,18,10
71,18,11
71,18,12
71,18,13
71,18,14
71,18,15
71,18,16
71,18,17
71,18,18
71,18,19
71,18,20
71,18,21
71,18,22
71,18,23
71,18,24
71,18,25
71,18,26
71,18,27
71,18,28
71,18,29
71,18,30
71,18,31
71,18,32
71,18,33
71,18,34
71,18,35
71,18,36
71,18,37
71,18,38
71,18,39
71,18,40
71,18,41
71,18,42
71,18,43
71,18,44
71,18,45
71,18,46
71,18,47
71,18,48
71,18,49
71,18,50
71,18,51
71,18,52
71,18,53
71,18,54
71,18,55
71,18,56
71,18,57
71,18,58
71,18,59
71,18,60
71,18,61
71,18,62
71,18,63
71,18,64
71,18,65
71,18,66
71,18,67
71,18,68
71,18,69
71,18,70
71,18,71
71,18,72
71,18,73
71,18,74
71,18,75
71,18,76
71,18,77
71,18,78
71,18,79
71,18,80
71,18,81
71,18,82
71,18,83
71,18,84
71,18,85
71,18,86
71,18,87
71,18,88
71,18,89
71,18,90
71,18,91
71,18,92
71,18,93
71,18,94
71,18,95
71,18,96
71,18,97
71,18,98
71,18,99
71,18,100
71,18,101
71,18,102
71,18,103
71,18,104
71,18,105
71,18,106
71,18,107
71,18,108
71,18,109
71,18,110
71,18,111
71,18,112
71,18,113
71,18,114
71,18,115
71,18,116
71,18,117
71,18,118
71,18,119
71,18,120
71,18,121
71,18,122
71,18,123
71,18,124
71,18,125
71,18,126
71,18,127
71,18,128
71,18,129
71,18,130
71,18,131
71,18,132
71,18,133
71,18,134
71,18,135
71,18,136
71,18,137
71,18,138
71,18,139
71,18,140
71,18,141
71,18,142
71,18,143
71,18,144
71,18,145
71,18,146
71,18,147
71,18,148
71,18,149
71,18,150
71,18,151
71,18,152
71,18,153
71,18,154
71,18,155
71,18,156
71,18,157
71,18,158
71,18,159
71,18,160
71,18,161
71,18,162
71,18,163
71,18,164
71,18,165
71,18,166
71,18,167
71,18,168
71,18,169
71,18,170
71,18,171
71,18,172
71,18,173
71,18,174
71,18,175
71,18,176
71,18,177
71,18,178
71,18,179
71,18,180
71,18,181
71,18,182
71,18,183
71,18,184
71,18,185
71,18,186
71,18,187
71,18,188
71,18,189
71,18,190
71,18,191
71,18,192
71,18,193
71,18,194
71,18,195
71,18,196
71,18,197
71,18,198
71,18,199
71,18,200
71,18,201
71,18,202
71,18,203
71,18,204
71,18,205
71,18,206
71,18,207
71,18,208
71,18,209
71,18,210
71,18,211
71,18,212
71,18,213
71,18,214
71,18,215
71,18,216
71,18,217
71,18,218
71,18,219
71,18,220
71,18,221
71,18,222
71,18,223
71,18,224
71,18,225
71,18,226
71,18,227
71,18,228
71,18,229
71,18,230
71,18,231
71,18,232
71,18,233
71,18,234
71,18,235
71,18,236
71,18,237
71,18,238
71,18,239
71,18,240
71,18,241
71,18,242
71,18,243
71,18,244
71,18,245
71,18,246
71,18,247
71,18,248
71,18,249
71,18,250
71,18,251
71,18,252
71,18,253
71,18,254
71,18,255
71,18,256
71,18,257
71,18,258
71,18,259
71,18,260
71,18,261
71,18,262
71,18,263
71,18,264
71,18,265
71,18,266
71,18,267
71,18,268
71,18,269
71,18,270
71,18,271
71,18,272
71,18,273
71,18,274
71,18,275
71,18,276
71,18,277
71,18,278
71,18,279
71,18,280
71,18,281
71,18,282
71,18,283
71,18,284
71,18,285
71,18,286
71,18,287
71,18,288
71,18,289
71,18,290
71,18,291
71,18,292
71,18,293
71,18,294
71,18,295
71,18,296
71,18,297
71,18,298
71,18,299
71,18,300
71,18,301
71,18,302
71,18,303
71,18,304
71,18,305
71,18,306
71,18,307
71,18,308
71,18,309
71,18,310
71,18,311
71,18,312
71,18,313
71,18,314
71,18,315
71,18,316
71,18,317
71,18,318
71,18,319
71,18,320
71,18,321
71,18,322
71,18,323
71,18,324
71,18,325
71,18,326
71,18,327
71,18,328
71,18,329
71,18,330
71,18,331
71,18,332
71,18,333
71,18,334
71,18,335
71,18,336
71,18,337
71,18,338
71,18,339
71,18,340
71,18,341
71,18,342
71,18,343
71,18,344
71,18,345
71,18,346
71,18,347
71,18,348
71,18,349
71,18,350
71,18,351
71,18,352
71,18,353
71,18,354
71,18,355
71,18,356
71,18,357
71,18,358
71,18,359
71,18,360
71,18,361
71,18,362
71,18,363
71,18,364
71,18,365
71,18,366
71,18,367
71,18,368
71,18,369
71,18,370
71,18,371
71,18,372
71,18,373
71,18,374
71,18,375
71,18,376
71,18,377
71,18,378
71,18,379
71,18,380
71,18,381
71,18,382
71,18,383
71,18,384
71,18,385
71,18,386
71,18,387
71,18,388
71,18,389
71,18,390
71,18,391
71,18,392
71,18,393
71,18,394
71,18,395
71,18,396
71,18,397
71,18,398
71,18,399
71,18,400
71,18,401
71,18,402
71,18,403
71,18,404
71,18,405
71,18,406
71,18,407
71,18,408
71,18,409
71,18,410
71,18,411
71,18,412
71,18,413
71,18,414
71,18,415
71,18,416
71,18,417
71,18,418
71,19,0
71,19,1
71,19,2
71,19,3
71,19,4
71,19,5
71,19,6
71,19,7
71,19,8
71,19,9
71,19,10
71,19,11
71,19,12
71,19,13
71,19,14
71,19,15
71,19,16
71,19,17
71,19,18
71,19,19
71,19,20
71,19,21
71,19,22
71,19,23
71,19,24
71,19,25
71,19,26
71,19,27
71,19,28
71,19,29
71,19,30
71,19,31
71,19,32
71,19,33
71,19,34
71,19,35
71,19,36
71,19,37
71,19,38
71,19,39
71,19,40
71,19,41
71,19,42
71,19,43
71,19,44
71,19,45
71,19,46
71,19,47
71,19,48
71,19,49
71,19,50
71,19,51
71,19,52
71,19,53
71,19,54
71,19,55
71,19,56
71,19,57
71,19,58
71,19,59
71,19,60
71,19,61
71,19,62
71,19,63
71,19,64
71,19,65
71,19,66
71,19,67
71,19,68
71,19,69
71,19,70
71,19,71
71,19,72
71,19,73
71,19,74
71,19,75
71,19,76
71,19,77
71,19,78
71,19,79
71,19,80
71,19,81
71,19,82
71,19,83
71,19,84
71,19,85
71,19,86
71,19,87
71,19,88
71,19,89
71,19,90
71,19,91
71,19,92
71,19,93
71,19,94
71,19,95
71,19,96
71,19,97
71,19,98
71,19,99
71,19,100
71,19,101
71,19,102
71,19,103
71,19,104
71,19,105
71,19,106
71,19,107
71,19,108
71,19,109
71,19,110
71,19,111
71,19,112
71,19,113
71,19,114
71,19,115
71,19,116
71,19,117
71,19,118
71,19,119
71,19,120
71,19,121
71,19,122
71,19,123
71,19,124
71,19,125
71,19,126
71,19,127
71,19,128
71,19,129
71,19,130
71,19,131
71,19,132
71,19,133
71,19,134
71,19,135
71,19,136
71,19,137
71,19,138
71,19,139
71,19,140
71,19,141
71,19,142
71,19,143
71,19,144
71,19,145
71,19,146
71,19,147
71,19,148
71,19,149
71,19,150
71,19,151
71,19,152
71,19,153
71,19,154
71,19,155
71,19,156
71,19,157
71,19,158
71,19,159
71,19,160
71,19,161
71,19,162
71,19,163
71,19,164
71,19,165
71,19,166
71,19,167
71,19,168
71,19,169
71,19,170
71,19,171
71,19,172
71,19,173
71,19,174
71,19,175
71,19,176
71,19,177
71,19,178
71,19,179
71,19,180
71,19,181
71,19,182
71,19,183
71,19,184
71,19,185
71,19,186
71,19,187
71,19,188
71,19,189
71,19,190
71,19,191
71,19,192
71,19,193
71,19,194
71,19,195
71,19,196
71,19,197
71,19,198
71,19,199
71,19,200
71,19,201
71,19,202
71,19,203
71,19,204
71,19,205
71,19,206
71,19,207
71,19,208
71,19,209
71,19,210
71,19,211
71,19,212
71,19,213
71,19,214
71,19,215
71,19,216
71,19,217
71,19,218
71,19,219
71,19,220
71,19,221
71,19,222
71,19,223
71,19,224
71,19,225
71,19,226
71,19,227
71,19,228
71,19,229
71,19,230
71,19,231
71,19,232
71,19,233
71,19,234
71,19,235
71,19,236
71,19,237
71,19,238
71,19,239
71,19,240
71,19,241
71,19,242
71,19,243
71,19,244
71,19,245
71,19,246
71,19,247
71,19,248
71,19,249
71,19,250
71,19,251
71,19,252
71,19,253
71,19,254
71,19,255
71,19,256
71,19,257
71,19,258
71,19,259
71,19,260
71,19,261
71,19,262
71,19,263
71,19,264
71,19,265
71,19,266
71,19,267
71,19,268
71,19,269
71,19,270
71,19,271
71,19,272
71,19,273
71,19,274
71,19,275
71,19,276
71,19,277
71,19,278
71,19,279
71,19,280
71,19,281
71,19,282
71,19,283
71,19,284
71,19,285
71,19,286
71,19,287
71,19,288
71,19,289
71,19,290
71,19,291
71,19,292
71,19,293
71,19,294
71,19,295
71,19,296
71,19,297
71,19,298
71,19,299
71,19,300
71,19,301
71,19,302
71,19,303
71,19,304
71,19,305
71,19,306
71,19,307
71,19,308
71,19,309
71,19,310
71,19,311
71,19,312
71,19,313
71,19,314
71,19,315
71,19,316
71,19,317
71,19,318
71,19,319
71,19,320
71,19,321
71,19,322
71,19,323
71,19,324
71,19,325
71,19,326
71,19,327
71,19,328
71,19,329
71,19,330
71,19,331
71,19,332
71,19,333
71,19,334
71,19,335
71,19,336
71,19,337
71,19,338
71,19,339
71,19,340
71,19,341
71,19,342
71,19,343
71,19,344
71,19,345
71,19,346
71,19,347
71,19,348
71,19,349
71,19,350
71,19,351
71,19,352
71,19,353
71,19,354
71,19,355
71,19,356
71,19,357
71,19,358
71,19,359
71,19,360
71,19,361
71,19,362
71,19,363
71,19,364
71,19,365
71,19,366
71,19,367
71,19,368
71,19,369
71,19,370
71,19,371
71,19,372
71,19,373
71,19,374
71,19,375
71,19,376
71,19,377
71,19,378
72,1,0
72,1,1
72,1,2
72,1,3
72,1,4
72,1,5
72,1,6
72,1,7
72,1,8
72,1,9
72,1,10
72,1,11
72,1,12
72,1,13
72,1,14
72,1,15
72,1,16
72,1,17
72,1,18
72,1,19
72,1,20
72,1,21
72,1,22
72,1,23
72,1,24
72,1,25
72,1,26
72,1,27
72,1,28
72,1,29
72,1,30
72,1,31
72,1,32
72,1,33
72,1,34
72,1,35
72,1,36
72,1,37
72,1,38
72,1,39
72,1,40
72,1,41
72,1,42
72,1,43
72,1,44
72,1,45
72,1,46
72,1,47
72,1,48
72,1,49
72,1,50
72,1,51
72,1,52
72,1,53
72,1,54
72,1,55
72,1,56
72,1,57
72,1,58
72,1,59
72,1,60
72,1,61
72,1,62
72,1,63
72,1,64
72,1,65
72,1,66
72,1,67
72,1,68
72,1,69
72,1,70
72,1,71
72,1,72
72,1,73
72,1,74
72,1,75
72,1,76
72,1,77
72,1,78
72,1,79
72,1,80
72,1,81
72,1,82
72,1,83
72,1,84
72,1,85
72,1,86
72,1,87
72,1,88
72,1,89
72,1,90
72,1,91
72,1,92
72,1,93
72,1,94
72,1,95
72,1,96
72,1,97
72,1,98
72,1,99
72,1,100
72,1,101
72,1,102
72,1,103
72,1,104
72,1,105
72,1,106
72,1,107
72,1,108
72,1,109
72,1,110
72,1,111
72,1,112
72,1,113
72,1,114
72,1,115
72,1,116
72,1,117
72,1,118
72,1,119
72,1,120
72,1,121
72,1,122
72,1,123
72,1,124
72,1,125
72,1,126
72,1,127
72,1,128
72,1,129
72,1,130
72,2,0
72,2,1
72,2,2
72,2,3
72,2,4
72,2,5
72,2,6
72,2,7
72,2,8
72,2,9
72,2,10
72,2,11
72,2,12
72,2,13
72,2,14
72,2,15
72,2,16
72,2,17
72,2,18
72,2,19
72,2,20
72,2,21
72,2,22
72,2,23
72,2,24
72,2,25
72,2,26
72,2,27
72,2,28
72,2,29
72,2,30
72,2,31
72,2,32
72,2,33
72,2,34
72,2,35
72,2,36
72,2,37
72,2,38
72,2,39
72,2,40
72,2,41
72,2,42
72,2,43
72,2,44
72,2,45
72,2,46
72,2,47
72,2,48
72,2,49
72,2,50
72,2,51
72,2,52
72,2,53
72,2,54
72,2,55
72,2,56
72,2,57
72,2,58
72,2,59
72,2,60
72,2,61
72,2,62
72,2,63
72,2,64
72,2,65
72,2,66
72,2,67
72,2,68
72,2,69
72,2,70
72,2,71
72,2,72
72,2,73
72,2,74
72,2,75
72,2,76
72,2,77
72,2,78
72,2,79
72,2,80
72,2,81
72,2,82
72,2,83
72,2,84
72,2,85
72,2,86
72,2,87
72,2,88
72,2,89
72,2,90
72,2,91
72,2,92
72,2,93
72,2,94
72,2,95
72,2,96
72,2,97
72,2,98
72,2,99
72,2,100
72,2,101
72,2,102
72,2,103
72,2,104
72,2,105
72,2,106
72,2,107
72,2,108
72,2,109
72,2,110
72,2,111
72,2,112
72,2,113
72,2,114
72,2,115
72,2,116
72,2,117
72,2,118
72,2,119
72,2,120
72,2,121
72,2,122
72,2,123
72,2,124
72,2,125
72,2,126
72,2,127
72,2,128
72,2,129
72,2,130
72,2,131
72,2,132
72,2,133
72,2,134
72,2,135
72,2,136
72,2,137
72,2,138
72,2,139
72,2,140
72,2,141
72,2,142
72,2,143
72,2,144
72,2,145
72,2,146
72,2,147
72,2,148
72,2,149
72,2,150
72,2,151
72,2,152
72,2,153
72,2,154
72,2,155
72,2,156
72,2,157
72,2,158
72,2,159
72,2,160
72,2,161
72,2,162
72,2,163
72,2,164
72,2,165
72,2,166
72,2,167
72,2,168
72,2,169
72,2,170
72,2,171
72,2,172
72,2,173
72,2,174
72,2,175
72,2,176
72,2,177
72,2,178
72,2,179
72,2,180
72,2,181
72,2,182
72,2,183
72,2,184
72,2,185
72,2,186
72,2,187
72,2,188
72,2,189
72,2,190
72,2,191
72,2,192
72,2,193
72,2,194
72,2,195
72,2,196
72,2,197
72,2,198
72,2,199
72,2,200
72,2,201
72,2,202
72,2,203
72,2,204
72,2,205
72,2,206
72,2,207
72,2,208
72,2,209
72,2,210
72,2,211
72,2,212
72,2,213
72,2,214
72,2,215
72,2,216
72,2,217
72,2,218
72,2,219
72,2,220
72,2,221
72,2,222
72,2,223
72,2,224
72,2,225
72,2,226
72,2,227
72,2,228
72,2,229
72,2,230
72,2,231
72,2,232
72,2,233
72,2,234
72,3,0
72,3,1
72,3,2
72,3,3
72,3,4
72,3,5
72,3,6
72,3,7
72,3,8
72,3,9
72,3,10
72,3,11
72,3,12
72,3,13
72,3,14
72,3,15
72,3,16
72,3,17
72,3,18
72,3,19
72,3,20
72,3,21
72,3,22
72,3,23
72,3,24
72,3,25
72,3,26
72,3,27
72,3,28
72,3,29
72,3,30
72,3,31
72,3,32
72,3,33
72,3,34
72,3,35
72,3,36
72,3,37
72,3,38
72,3,39
72,3,40
72,3,41
72,3,42
72,3,43
72,3,44
72,3,45
72,3,46
72,3,47
72,3,48
72,3,49
72,3,50
72,3,51
72,3,52
72,3,53
72,3,54
72,3,55
72,3,56
72,3,57
72,3,58
72,3,59
72,3,60
72,3,61
72,3,62
72,3,63
72,3,64
72,3,65
72,3,66
72,3,67
72,3,68
72,3,69
72,3,70
72,3,71
72,3,72
72,3,73
72,3,74
72,3,75
72,3,76
72,3,77
72,3,78
72,3,79
72,3,80
72,3,81
72,3,82
72,3,83
72,3,84
72,3,85
72,3,86
72,3,87
72,3,88
72,3,89
72,3,90
72,3,91
72,3,92
72,3,93
72,3,94
72,3,95
72,3,96
72,3,97
72,3,98
72,3,99
72,3,100
72,3,101
72,3,102
72,3,103
72,3,104
72,3,105
72,3,106
72,3,107
72,3,108
72,3,109
72,3,110
72,3,111
72,3,112
72,3,113
72,3,114
72,3,115
72,3,116
72,3,117
72,3,118
72,3,119
72,3,120
72,3,121
72,3,122
72,3,123
72,3,124
72,3,125
72,3,126
72,3,127
72,3,128
72,3,129
72,3,130
72,3,131
72,3,132
72,3,133
72,3,134
72,3,135
72,3,136
72,3,137
72,3,138
72,3,139
72,3,140
72,3,141
72,3,142
72,3,143
72,3,144
72,3,145
72,3,146
72,3,147
72,3,148
72,3,149
72,3,150
72,3,151
72,3,152
72,3,153
72,3,154
72,3,155
72,3,156
72,3,157
72,3,158
72,3,159
72,3,160
72,3,161
72,3,162
72,3,163
72,3,164
72,3,165
72,3,166
72,3,167
72,3,168
72,3,169
72,3,170
72,3,171
72,3,172
72,3,173
72,3,174
72,3,175
72,3,176
72,3,177
72,3,178
72,3,179
72,3,180
72,3,181
72,3,182
72,3,183
72,3,184
72,3,185
72,3,186
72,3,187
72,3,188
72,3,189
72,3,190
72,3,191
72,3,192
72,3,193
72,3,194
72,3,195
72,3,196
72,3,197
72,3,198
72,3,199
72,3,200
72,3,201
72,3,202
72,3,203
72,3,204
72,3,205
72,3,206
72,3,207
72,3,208
72,3,209
72,3,210
72,3,211
72,3,212
72,3,213
72,3,214
72,3,215
72,3,216
72,3,217
72,3,218
72,3,219
72,3,220
72,3,221
72,3,222
72,3,223
72,3,224
72,3,225
72,3,226
72,3,227
72,3,228
72,3,229
72,3,230
72,3,231
72,3,232
72,3,233
72,3,234
72,3,235
72,3,236
72,3,237
72,3,238
72,3,239
72,3,240
72,3,241
72,3,242
72,3,243
72,3,244
72,3,245
72,3,246
72,3,247
72,3,248
72,3,249
72,3,250
72,3,251
72,3,252
72,3,253
72,3,254
72,3,255
72,3,256
72,3,257
72,3,258
72,3,259
72,3,260
72,3,261
72,3,262
72,3,263
72,3,264
72,3,265
72,3,266
72,3,267
72,3,268
72,3,269
72,3,270
72,3,271
72,3,272
72,3,273
72,3,274
72,3,275
72,3,276
72,3,277
72,3,278
72,3,279
72,3,280
72,3,281
72,3,282
72,3,283
72,3,284
72,3,285
72,3,286
72,3,287
72,3,288
72,3,289
72,3,290
72,3,291
72,3,292
72,3,293
72,3,294
72,3,295
72,3,296
72,3,297
72,3,298
72,3,299
72,3,300
72,3,301
72,3,302
72,3,303
72,3,304
72,3,305
72,3,306
72,3,307
72,3,308
72,3,309
72,3,310
72,3,311
72,3,312
72,3,313
72,3,314
72,3,315
72,3,316
72,3,317
72,3,318
72,3,319
72,3,320
72,3,321
72,3,322
72,3,323
72,3,324
72,3,325
72,3,326
72,3,327
72,3,328
72,3,329
72,3,330
72,3,331
72,3,332
72,3,333
72,3,334
72,3,335
72,3,336
72,3,337
72,3,338
72,3,339
72,3,340
72,3,341
72,3,342
72,3,343
72,3,344
72,3,345
72,3,346
72,3,347
72,3,348
72,3,349
72,3,350
72,3,351
72,3,352
72,3,353
72,3,354
72,3,355
72,3,356
72,3,357
72,3,358
72,3,359
72,3,360
72,3,361
72,4,0
72,4,1
72,4,2
72,4,3
72,4,4
72,4,5
72,4,6
72,4,7
72,4,8
72,4,9
72,4,10
72,4,11
72,4,12
72,4,13
72,4,14
72,4,15
72,4,16
72,4,17
72,4,18
72,4,19
72,4,20
72,4,21
72,4,22
72,4,23
72,4,24
72,4,25
72,4,26
72,4,27
72,4,28
72,4,29
72,4,30
72,4,31
72,4,32
72,4,33
72,4,34
72,4,35
72,4,36
72,4,37
72,4,38
72,4,39
72,4,40
72,4,41
72,4,42
72,4,43
72,4,44
72,4,45
72,4,46
72,4,47
72,4,48
72,4,49
72,4,50
72,4,51
72,4,52
72,4,53
72,4,54
72,4,55
72,4,56
72,4,57
72,4,58
72,4,59
72,4,60
72,4,61
72,4,62
72,4,63
72,4,64
72,4,65
72,4,66
72,4,67
72,4,68
72,4,69
72,4,70
72,4,71
72,4,72
72,4,73
72,4,74
72,4,75
72,4,76
72,4,77
72,4,78
72,4,79
72,4,80
72,4,81
72,4,82
72,4,83
72,4,84
72,4,85
72,4,86
72,4,87
72,4,88
72,4,89
72,4,90
72,4,91
72,4,92
72,4,93
72,4,94
72,4,95
72,4,96
72,4,97
72,4,98
72,4,99
72,4,100
72,4,101
72,4,102
72,4,103
72,4,104
72,4,105
72,4,106
72,4,107
72,4,108
72,4,109
72,4,110
72,4,111
72,4,112
72,4,113
72,4,114
72,4,115
72,4,116
72,4,117
72,4,118
72,4,119
72,4,120
72,4,121
72,4,122
72,4,123
72,4,124
72,4,125
72,4,126
72,4,127
72,4,128
72,4,129
72,4,130
72,4,131
72,4,132
72,4,133
72,4,134
72,4,135
72,4,136
72,4,137
72,4,138
72,4,139
72,4,140
72,4,141
72,4,142
72,4,143
72,4,144
72,4,145
72,4,146
72,4,147
72,4,148
72,4,149
72,4,150
72,4,151
72,4,152
72,4,153
72,5,0
72,5,1
72,5,2
72,5,3
72,5,4
72,5,5
72,5,6
72,5,7
72,5,8
72,5,9
72,5,10
72,5,11
72,5,12
72,5,13
72,5,14
72,5,15
72,5,16
72,5,17
72,5,18
72,5,19
72,5,20
72,5,21
72,5,22
72,5,23
72,5,24
72,5,25
72,5,26
72,5,27
72,5,28
72,5,29
72,5,30
72,5,31
72,5,32
72,5,33
72,5,34
72,5,35
72,5,36
72,5,37
72,5,38
72,5,39
72,5,40
72,5,41
72,5,42
72,5,43
72,5,44
72,5,45
72,5,46
72,5,47
72,5,48
72,5,49
72,5,50
72,5,51
72,5,52
72,5,53
72,5,54
72,5,55
72,5,56
72,5,57
72,5,58
72,5,59
72,5,60
72,5,61
72,5,62
72,5,63
72,5,64
72,5,65
72,5,66
72,5,67
72,5,68
72,5,69
72,5,70
72,5,71
72,5,72
72,5,73
72,5,74
72,5,75
72,5,76
72,5,77
72,5,78
72,5,79
72,5,80
72,5,81
72,5,82
72,5,83
72,5,84
72,5,85
72,5,86
72,5,87
72,5,88
72,5,89
72,5,90
72,5,91
72,5,92
72,5,93
72,5,94
72,5,95
72,5,96
72,5,97
72,5,98
72,5,99
72,5,100
72,5,101
72,5,102
72,5,103
72,5,104
72,5,105
72,5,106
72,5,107
72,5,108
72,5,109
72,5,110
72,5,111
72,5,112
72,5,113
72,5,114
72,5,115
72,5,116
72,5,117
72,5,118
72,5,119
72,5,120
72,5,121
72,5,122
72,5,123
72,5,124
72,5,125
72,5,126
72,5,127
72,5,128
72,5,129
72,5,130
72,5,131
72,5,132
72,5,133
72,5,134
72,5,135
72,5,136
72,5,137
72,5,138
72,5,139
72,5,140
72,5,141
72,5,142
72,5,143
72,5,144
72,5,145
72,5,146
72,5,147
72,5,148
72,5,149
72,5,150
72,5,151
72,5,152
72,5,153
72,5,154
72,5,155
72,5,156
72,5,157
72,5,158
72,5,159
72,5,160
72,5,161
72,5,162
72,5,163
72,5,164
72,5,165
72,5,166
72,5,167
72,5,168
72,5,169
72,5,170
72,5,171
72,5,172
72,5,173
72,5,174
72,5,175
72,5,176
72,5,177
72,5,178
72,5,179
72,5,180
72,5,181
72,5,182
72,5,183
72,5,184
72,5,185
72,5,186
72,5,187
72,5,188
72,5,189
72,5,190
72,5,191
72,5,192
72,5,193
72,5,194
72,5,195
72,5,196
72,5,197
72,5,198
72,5,199
72,5,200
72,5,201
72,5,202
72,5,203
72,5,204
72,5,205
72,5,206
72,5,207
72,5,208
72,5,209
72,5,210
72,5,211
72,5,212
72,5,213
72,5,214
72,5,215
72,5,216
72,5,217
72,5,218
72,5,219
72,5,220
72,5,221
72,5,222
72,5,223
72,5,224
72,5,225
72,5,226
72,5,227
72,5,228
72,5,229
72,5,230
72,5,231
72,5,232
72,5,233
72,5,234
72,5,235
72,5,236
72,5,237
72,5,238
72,5,239
72,5,240
72,5,241
72,5,242
72,5,243
72,5,244
72,5,245
72,5,246
72,5,247
72,5,248
72,5,249
72,5,250
72,5,251
72,5,252
72,5,253
72,5,254
72,5,255
72,5,256
72,5,257
72,5,258
72,5,259
72,5,260
72,5,261
72,5,262
72,5,263
72,5,264
72,5,265
72,5,266
72,5,267
72,5,268
72,5,269
72,5,270
72,5,271
72,5,272
72,5,273
72,5,274
72,5,275
72,5,276
72,5,277
72,5,278
72,5,279
72,5,280
72,5,281
72,5,282
72,5,283
72,5,284
72,5,285
72,5,286
72,5,287
72,5,288
72,5,289
72,5,290
72,5,291
72,5,292
72,5,293
72,5,294
72,5,295
72,5,296
72,5,297
72,5,298
72,5,299
72,5,300
72,5,301
72,5,302
72,5,303
72,5,304
72,5,305
72,5,306
72,5,307
72,5,308
72,5,309
72,5,310
72,5,311
72,5,312
72,5,313
72,5,314
72,5,315
72,5,316
72,5,317
72,5,318
72,5,319
72,5,320
72,5,321
72,5,322
72,5,323
72,5,324
72,5,325
72,5,326
72,5,327
72,5,328
72,5,329
72,5,330
72,5,331
72,5,332
72,5,333
72,5,334
72,5,335
72,5,336
72,5,337
72,5,338
72,5,339
72,5,340
72,5,341
72,5,342
72,5,343
72,5,344
72,5,345
72,5,346
72,5,347
72,5,348
72,5,349
72,5,350
72,5,351
72,5,352
72,5,353
72,5,354
72,5,355
72,5,356
72,5,357
72,5,358
72,5,359
72,5,360
72,5,361
72,5,362
72,5,363
72,5,364
72,5,365
72,5,366
72,5,367
72,5,368
72,5,369
72,5,370
72,5,371
72,5,372
72,5,373
72,5,374
72,5,375
72,5,376
72,5,377
72,5,378
72,5,379
72,5,380
72,5,381
72,5,382
72,5,383
72,5,384
72,5,385
72,5,386
72,5,387
72,5,388
72,5,389
72,5,390
72,5,391
72,5,392
72,5,393
72,5,394
72,5,395
72,5,396
72,5,397
72,5,398
72,5,399
72,5,400
72,5,401
72,5,402
72,5,403
72,5,404
72,5,405
72,5,406
72,5,407
72,5,408
72,5,409
72,5,410
72,5,411
72,5,412
72,5,413
72,5,414
72,6,0
72,6,1
72,6,2
72,6,3
72,6,4
72,6,5
72,6,6
72,6,7
72,6,8
72,6,9
72,6,10
72,6,11
72,6,12
72,6,13
72,6,14
72,6,15
72,6,16
72,6,17
72,6,18
72,6,19
72,6,20
72,6,21
72,6,22
72,6,23
72,6,24
72,6,25
72,6,26
72,6,27
72,6,28
72,6,29
72,6,30
72,6,31
72,6,32
72,6,33
72,6,34
72,6,35
72,6,36
72,6,37
72,6,38
72,6,39
72,6,40
72,6,41
72,6,42
72,6,43
72,6,44
72,6,45
72,6,46
72,6,47
72,6,48
72,6,49
72,6,50
72,6,51
72,6,52
72,6,53
72,6,54
72,6,55
72,6,56
72,6,57
72,6,58
72,6,59
72,6,60
72,6,61
72,6,62
72,6,63
72,6,64
72,6,65
72,6,66
72,6,67
72,6,68
72,6,69
72,6,70
72,6,71
72,6,72
72,6,73
72,6,74
72,6,75
72,6,76
72,6,77
72,6,78
72,6,79
72,6,80
72,6,81
72,6,82
72,6,83
72,6,84
72,6,85
72,6,86
72,6,87
72,6,88
72,6,89
72,6,90
72,6,91
72,6,92
72,6,93
72,6,94
72,6,95
72,6,96
72,6,97
72,6,98
72,6,99
72,6,100
72,6,101
72,6,102
72,6,103
72,6,104
72,6,105
72,6,106
72,6,107
72,6,108
72,6,109
72,6,110
72,6,111
72,6,112
72,6,113
72,6,114
72,6,115
72,6,116
72,6,117
72,6,118
72,6,119
72,6,120
72,6,121
72,6,122
72,6,123
72,6,124
72,6,125
72,6,126
72,6,127
72,6,128
72,6,129
72,6,130
72,6,131
72,6,132
72,6,133
72,6,134
72,6,135
72,6,136
72,6,137
72,6,138
72,6,139
72,6,140
72,6,141
72,6,142
72,6,143
72,6,144
72,6,145
72,6,146
72,6,147
72,6,148
72,6,149
72,6,150
72,6,151
72,6,152
72,6,153
72,6,154
72,6,155
72,6,156
72,6,157
72,6,158
72,6,159
72,6,160
72,6,161
72,6,162
72,6,163
72,6,164
72,6,165
72,6,166
72,6,167
72,6,168
72,6,169
72,6,170
72,6,171
72,6,172
72,6,173
72,6,174
72,6,175
72,6,176
72,6,177
72,6,178
72,6,179
72,6,180
72,6,181
72,6,182
72,6,183
72,6,184
72,6,185
72,6,186
72,6,187
72,6,188
72,6,189
72,6,190
72,6,191
72,6,192
72,6,193
72,6,194
72,6,195
72,6,196
72,6,197
72,6,198
72,6,199
72,6,200
72,6,201
72,6,202
72,6,203
72,6,204
72,6,205
72,6,206
72,6,207
72,6,208
72,6,209
72,6,210
72,6,211
72,6,212
72,6,213
72,6,214
72,6,215
72,6,216
72,6,217
72,6,218
72,6,219
72,6,220
72,6,221
72,6,222
72,6,223
72,6,224
72,6,225
72,6,226
72,6,227
72,6,228
72,6,229
72,6,230
72,6,231
72,6,232
72,6,233
72,6,234
72,6,235
72,6,236
72,6,237
72,6,238
72,6,239
72,6,240
72,6,241
72,6,242
72,6,243
72,6,244
72,6,245
72,6,246
72,6,247
72,6,248
72,6,249
72,6,250
72,6,251
72,6,252
72,6,253
72,6,254
72,6,255
72,6,256
72,6,257
72,6,258
72,6,259
72,6,260
72,6,261
72,6,262
72,6,263
72,6,264
72,6,265
72,6,266
72,6,267
72,6,268
72,6,269
72,6,270
72,6,271
72,6,272
72,6,273
72,6,274
72,6,275
72,7,0
72,7,1
72,7,2
72,7,3
72,7,4
72,7,5
72,7,6
72,7,7
72,7,8
72,7,9
72,7,10
72,7,11
72,7,12
72,7,13
72,7,14
72,7,15
72,7,16
72,7,17
72,7,18
72,7,19
72,7,20
72,7,21
72,7,22
72,7,23
72,7,24
72,7,25
72,7,26
72,7,27
72,7,28
72,7,29
72,7,30
72,7,31
72,7,32
72,7,33
72,7,34
72,7,35
72,7,36
72,7,37
72,7,38
72,7,39
72,7,40
72,7,41
72,7,42
72,7,43
72,7,44
72,7,45
72,7,46
72,7,47
72,7,48
72,7,49
72,7,50
72,7,51
72,7,52
72,7,53
72,7,54
72,7,55
72,7,56
72,7,57
72,7,58
72,7,59
72,7,60
72,7,61
72,7,62
72,7,63
72,7,64
72,7,65
72,7,66
72,7,67
72,7,68
72,7,69
72,7,70
72,7,71
72,7,72
72,7,73
72,7,74
72,7,75
72,7,76
72,7,77
72,7,78
72,7,79
72,7,80
72,7,81
72,7,82
72,7,83
72,7,84
72,7,85
72,7,86
72,7,87
72,7,88
72,7,89
72,7,90
72,7,91
72,7,92
72,7,93
72,7,94
72,7,95
72,7,96
72,7,97
72,7,98
72,7,99
72,7,100
72,7,101
72,7,102
72,7,103
72,7,104
72,7,105
72,7,106
72,7,107
72,7,108
72,7,109
72,7,110
72,7,111
72,7,112
72,7,113
72,7,114
72,7,115
72,7,116
72,7,117
72,7,118
72,7,119
72,7,120
72,7,121
72,7,122
72,7,123
72,7,124
72,7,125
72,7,126
72,7,127
72,7,128
72,7,129
72,7,130
72,7,131
72,7,132
72,7,133
72,7,134
72,7,135
72,7,136
72,7,137
72,7,138
72,7,139
72,7,140
72,7,141
72,7,142
72,7,143
72,7,144
72,7,145
72,7,146
72,7,147
72,7,148
72,7,149
72,7,150
72,7,151
72,7,152
72,7,153
72,7,154
72,7,155
72,7,156
72,7,157
72,7,158
72,7,159
72,7,160
72,7,161
72,7,162
72,7,163
72,7,164
72,7,165
72,7,166
72,7,167
72,7,168
72,7,169
72,7,170
72,7,171
72,7,172
72,7,173
72,7,174
72,7,175
72,7,176
72,7,177
72,7,178
72,7,179
72,7,180
72,7,181
72,7,182
72,7,183
72,7,184
72,7,185
72,7,186
72,7,187
72,7,188
72,7,189
72,7,190
72,7,191
72,7,192
72,7,193
72,7,194
72,7,195
72,7,196
72,7,197
72,7,198
72,7,199
72,7,200
72,7,201
72,7,202
72,7,203
72,7,204
72,7,205
72,7,206
72,7,207
72,7,208
72,7,209
72,7,210
72,8,0
72,8,1
72,8,2
72,8,3
72,8,4
72,8,5
72,8,6
72,8,7
72,8,8
72,8,9
72,8,10
72,8,11
72,8,12
72,8,13
72,8,14
72,8,15
72,8,16
72,8,17
72,8,18
72,8,19
72,8,20
72,8,21
72,8,22
72,8,23
72,8,24
72,8,25
72,8,26
72,8,27
72,8,28
72,8,29
72,8,30
72,8,31
72,8,32
72,8,33
72,8,34
72,8,35
72,8,36
72,8,37
72,8,38
72,8,39
72,8,40
72,8,41
72,8,42
72,8,43
72,8,44
72,8,45
72,8,46
72,8,47
72,8,48
72,8,49
72,8,50
72,8,51
72,8,52
72,8,53
72,8,54
72,8,55
72,8,56
72,8,57
72,8,58
72,8,59
72,8,60
72,8,61
72,8,62
72,8,63
72,8,64
72,8,65
72,8,66
72,8,67
72,8,68
72,8,69
72,8,70
72,8,71
72,8,72
72,8,73
72,8,74
72,8,75
72,8,76
72,8,77
72,8,78
72,8,79
72,8,80
72,8,81
72,8,82
72,8,83
72,8,84
72,8,85
72,8,86
72,8,87
72,8,88
72,8,89
72,8,90
72,8,91
72,8,92
72,8,93
72,8,94
72,8,95
72,8,96
72,8,97
72,8,98
72,8,99
72,8,100
72,8,101
72,8,102
72,8,103
72,8,104
72,8,105
72,8,106
72,8,107
72,8,108
72,8,109
72,8,110
72,8,111
72,8,112
72,8,113
72,8,114
72,8,115
72,8,116
72,8,117
72,8,118
72,8,119
72,8,120
72,8,121
72,8,122
72,8,123
72,8,124
72,8,125
72,8,126
72,8,127
72,8,128
72,8,129
72,8,130
72,8,131
72,8,132
72,8,133
72,8,134
72,8,135
72,8,136
72,8,137
72,8,138
72,8,139
72,8,140
72,8,141
72,8,142
72,8,143
72,8,144
72,8,145
72,8,146
72,8,147
72,8,148
72,8,149
72,8,150
72,8,151
72,8,152
72,8,153
72,8,154
72,8,155
72,8,156
72,8,157
72,8,158
72,8,159
72,8,160
72,8,161
72,8,162
72,8,163
72,8,164
72,8,165
72,8,166
72,8,167
72,8,168
72,8,169
72,8,170
72,8,171
72,8,172
72,8,173
72,8,174
72,8,175
72,8,176
72,8,177
72,8,178
72,8,179
72,8,180
72,8,181
72,8,182
72,8,183
72,8,184
72,8,185
72,8,186
72,8,187
72,8,188
72,8,189
72,8,190
72,8,191
72,8,192
72,8,193
72,8,194
72,8,195
72,8,196
72,8,197
72,8,198
72,8,199
72,8,200
72,8,201
72,8,202
72,8,203
72,8,204
72,8,205
72,8,206
72,8,207
72,8,208
72,8,209
72,8,210
72,8,211
72,8,212
72,8,213
72,8,214
72,8,215
72,8,216
72,8,217
72,8,218
72,8,219
72,8,220
72,8,221
72,8,222
72,8,223
72,8,224
72,8,225
72,8,226
72,8,227
72,8,228
72,8,229
72,8,230
72,8,231
72,8,232
72,8,233
72,8,234
72,8,235
72,8,236
72,8,237
72,8,238
72,8,239
72,8,240
72,8,241
72,8,242
72,8,243
72,8,244
72,8,245
72,8,246
72,8,247
72,8,248
72,8,249
72,8,250
72,8,251
72,8,252
72,8,253
72,8,254
72,8,255
72,8,256
72,8,257
72,8,258
72,8,259
72,8,260
72,8,261
72,8,262
72,8,263
72,8,264
72,8,265
72,8,266
72,8,267
72,8,268
72,8,269
72,8,270
72,8,271
72,8,272
72,8,273
72,8,274
72,8,275
72,8,276
72,8,277
72,8,278
72,8,279
72,8,280
72,8,281
72,8,282
72,8,283
72,8,284
72,8,285
72,8,286
72,8,287
72,8,288
72,8,289
72,8,290
72,8,291
72,8,292
72,8,293
72,8,294
72,8,295
72,8,296
72,8,297
72,8,298
72,8,299
72,8,300
72,8,301
72,8,302
72,8,303
72,8,304
72,8,305
72,8,306
72,8,307
72,8,308
72,8,309
72,8,310
72,8,311
72,8,312
72,8,313
72,8,314
72,8,315
72,8,316
72,8,317
72,8,318
72,8,319
72,8,320
72,8,321
72,8,322
72,8,323
72,8,324
72,8,325
72,8,326
72,8,327
72,8,328
72,8,329
72,8,330
72,8,331
72,8,332
72,8,333
72,8,334
72,8,335
72,8,336
72,8,337
72,8,338
72,8,339
72,8,340
72,8,341
72,8,342
72,8,343
72,8,344
72,8,345
72,8,346
72,8,347
72,8,348
72,8,349
72,8,350
72,8,351
72,8,352
72,8,353
72,8,354
72,8,355
72,8,356
72,8,357
72,8,358
72,8,359
72,8,360
72,8,361
72,8,362
72,8,363
72,8,364
72,8,365
72,8,366
72,8,367
72,8,368
72,8,369
72,8,370
72,8,371
72,8,372
72,8,373
72,8,374
72,8,375
72,8,376
73,1,0
73,1,1
73,1,2
73,1,3
73,1,4
73,1,5
73,1,6
73,1,7
73,1,8
73,1,9
73,1,10
73,1,11
73,1,12
73,1,13
73,1,14
73,1,15
73,1,16
73,1,17
73,1,18
73,1,19
73,1,20
73,1,21
73,1,22
73,1,23
73,1,24
73,1,25
73,1,26
73,1,27
73,1,28
73,1,29
73,1,30
73,1,31
73,1,32
73,1,33
73,1,34
73,1,35
73,1,36
73,1,37
73,1,38
73,1,39
73,1,40
73,1,41
73,1,42
73,1,43
73,1,44
73,1,45
73,1,46
73,1,47
73,1,48
73,1,49
73,1,50
73,1,51
73,1,52
73,1,53
73,1,54
73,1,55
73,1,56
73,1,57
73,1,58
73,1,59
73,1,60
73,1,61
73,1,62
73,1,63
73,1,64
73,1,65
73,1,66
73,1,67
73,1,68
73,1,69
73,1,70
73,1,71
73,1,72
73,1,73
73,1,74
73,1,75
73,1,76
73,1,77
73,1,78
73,1,79
73,1,80
73,1,81
73,1,82
73,1,83
73,1,84
73,1,85
73,1,86
73,1,87
73,1,88
73,1,89
73,1,90
73,1,91
73,1,92
73,1,93
73,1,94
73,1,95
73,1,96
73,1,97
73,1,98
73,1,99
73,1,100
73,1,101
73,1,102
73,1,103
73,1,104
73,1,105
73,1,106
73,1,107
73,1,108
73,1,109
73,1,110
73,1,111
73,1,112
73,1,113
73,1,114
73,1,115
73,1,116
73,1,117
73,1,118
73,1,119
73,1,120
73,1,121
73,1,122
73,1,123
73,1,124
73,1,125
73,1,126
73,1,127
73,1,128
73,1,129
73,1,130
73,1,131
73,1,132
73,1,133
73,1,134
73,1,135
73,1,136
73,1,137
73,1,138
73,1,139
73,1,140
73,1,141
73,1,142
73,1,143
73,1,144
73,1,145
73,1,146
73,1,147
73,1,148
73,1,149
73,1,150
73,1,151
73,1,152
73,1,153
73,1,154
73,1,155
73,1,156
73,1,157
73,1,158
73,1,159
73,1,160
73,1,161
73,1,162
73,1,163
73,1,164
73,1,165
73,1,166
73,1,167
73,1,168
73,1,169
73,1,170
73,1,171
73,1,172
73,1,173
73,1,174
73,1,175
73,1,176
73,1,177
73,1,178
73,1,179
73,1,180
73,1,181
73,1,182
73,1,183
73,1,184
73,1,185
73,1,186
73,1,187
73,1,188
73,1,189
73,1,190
73,1,191
73,1,192
73,1,193
73,1,194
73,1,195
73,1,196
73,1,197
73,1,198
73,1,199
73,1,200
73,1,201
73,1,202
73,1,203
73,1,204
73,1,205
73,1,206
73,1,207
73,1,208
73,1,209
73,1,210
73,1,211
73,1,212
73,1,213
73,1,214
73,1,215
73,1,216
73,1,217
73,1,218
73,1,219
73,1,220
73,1,221
73,1,222
73,1,223
73,1,224
73,1,225
73,1,226
73,1,227
73,1,228
73,1,229
73,1,230
73,1,231
73,1,232
73,1,233
73,1,234
73,1,235
73,1,236
73,1,237
73,1,238
73,1,239
73,1,240
73,1,241
73,1,242
73,1,243
73,1,244
73,1,245
73,1,246
73,1,247
73,1,248
73,1,249
73,1,250
73,1,251
73,1,252
73,1,253
73,1,254
73,1,255
73,1,256
73,1,257
73,1,258
73,1,259
73,1,260
73,1,261
73,1,262
73,1,263
73,1,264
73,1,265
73,1,266
73,1,267
73,1,268
73,1,269
73,1,270
73,1,271
73,1,272
73,1,273
73,1,274
73,1,275
73,1,276
73,1,277
73,1,278
73,1,279
73,1,280
73,1,281
73,1,282
73,1,283
73,1,284
73,1,285
73,1,286
73,1,287
73,1,288
73,1,289
73,1,290
73,1,291
73,1,292
73,1,293
73,1,294
73,1,295
73,1,296
73,1,297
73,1,298
73,1,299
73,1,300
73,1,301
73,1,302
73,1,303
73,1,304
73,1,305
73,1,306
73,1,307
73,1,308
73,1,309
73,1,310
73,1,311
73,1,312
73,1,313
73,1,314
73,1,315
73,1,316
73,1,317
73,1,318
73,1,319
73,1,320
73,1,321
73,1,322
73,1,323
73,1,324
73,1,325
73,1,326
73,1,327
73,1,328
73,1,329
73,1,330
73,1,331
73,1,332
73,1,333
73,1,334
73,1,335
73,1,336
73,1,337
73,1,338
73,1,339
73,1,340
73,1,341
73,1,342
73,1,343
73,1,344
73,1,345
73,1,346
73,1,347
73,1,348
73,1,349
73,1,350
73,1,351
73,1,352
73,1,353
73,1,354
73,1,355
73,1,356
73,1,357
73,1,358
73,1,359
73,1,360
73,1,361
73,1,362
73,1,363
73,1,364
73,1,365
73,1,366
73,1,367
73,1,368
73,1,369
73,1,370
73,1,371
73,1,372
73,1,373
73,1,374
73,1,375
73,1,376
73,1,377
73,1,378
73,1,379
73,1,380
73,1,381
73,1,382
73,1,383
73,1,384
73,1,385
73,1,386
73,1,387
73,1,388
73,1,389
73,1,390
73,1,391
73,1,392
73,1,393
73,1,394
73,1,395
73,1,396
73,1,397
73,1,398
73,1,399
73,1,400
73,1,401
73,1,402
73,1,403
73,1,404
73,1,405
73,1,406
73,1,407
73,1,408
73,1,409
73,1,410
73,1,411
73,1,412
73,1,413
73,1,414
73,1,415
73,1,416
73,1,417
73,1,418
73,1,419
73,1,420
73,1,421
73,1,422
73,1,423
73,1,424
73,1,425
73,1,426
73,1,427
73,1,428
73,1,429
73,1,430
73,1,431
73,1,432
73,1,433
73,1,434
73,1,435
73,1,436
73,1,437
73,1,438
73,1,439
73,1,440
73,1,441
73,1,442
73,1,443
73,1,444
73,1,445
73,1,446
73,1,447
73,1,448
73,1,449
73,1,450
73,1,451
73,1,452
73,1,453
73,1,454
73,1,455
73,1,456
73,1,457
73,1,458
73,1,459
73,1,460
73,1,461
73,1,462
73,1,463
73,1,464
73,1,465
73,1,466
73,1,467
73,1,468
73,1,469
73,1,470
73,1,471
73,1,472
73,1,473
73,1,474
73,1,475
73,1,476
73,1,477
73,1,478
73,1,479
73,1,480
73,1,481
73,1,482
73,1,483
73,1,484
73,1,485
73,1,486
73,1,487
73,1,488
73,1,489
73,1,490
73,1,491
73,1,492
73,1,493
73,1,494
73,1,495
73,1,496
73,1,497
73,1,498
73,1,499
73,1,500
73,1,501
73,1,502
73,1,503
73,1,504
73,1,505
73,1,506
73,1,507
73,1,508
73,1,509
73,1,510
73,1,511
73,1,512
73,1,513
73,1,514
73,1,515
73,1,516
73,1,517
73,1,518
73,1,519
73,1,520
73,1,521
73,1,522
73,1,523
73,1,524
73,1,525
73,1,526
73,1,527
73,1,528
73,1,529
73,1,530
73,1,531
73,1,532
73,1,533
73,1,534
73,1,535
73,1,536
73,1,537
73,1,538
73,1,539
73,1,540
73,1,541
73,1,542
73,1,543
73,1,544
73,1,545
73,1,546
73,1,547
73,1,548
73,1,549
73,1,550
73,1,551
73,1,552
73,1,553
73,1,554
73,1,555
73,1,556
73,1,557
73,1,558
73,1,559
73,1,560
73,1,561
73,1,562
73,1,563
73,1,564
73,1,565
73,1,566
73,1,567
73,1,568
73,1,569
73,1,570
73,1,571
73,1,572
73,1,573
73,1,574
73,1,575
73,1,576
73,1,577
73,1,578
73,1,579
73,1,580
73,1,581
73,1,582
73,1,583
73,1,584
73,1,585
73,1,586
73,1,587
73,1,588
73,1,589
73,1,590
73,1,591
73,1,592
73,1,593
73,1,594
73,1,595
73,1,596
73,1,597
73,1,598
73,1,599
73,1,600
73,1,601
73,1,602
73,1,603
73,1,604
73,1,605
73,1,606
73,1,607
73,1,608
73,1,609
73,1,610
73,1,611
73,1,612
73,1,613
73,1,614
73,1,615
73,1,616
73,1,617
73,1,618
73,1,619
73,1,620
73,1,621
73,1,622
73,1,623
73,1,624
73,1,625
73,1,626
73,1,627
73,1,628
73,1,629
73,1,630
73,1,631
73,1,632
73,1,633
73,1,634
73,1,635
73,1,636
73,1,637
73,1,638
73,1,639
73,1,640
73,1,641
73,1,642
73,1,643
73,1,644
73,1,645
73,1,646
73,1,647
73,1,648
73,1,649
73,1,650
73,1,651
73,1,652
73,1,653
73,1,654
73,1,655
73,1,656
73,1,657
73,1,658
73,1,659
73,1,660
73,1,661
73,1,662
73,1,663
73,1,664
73,1,665
73,1,666
73,1,667
73,1,668
73,1,669
73,1,670
73,1,671
73,1,672
73,1,673
73,1,674
73,1,675
73,1,676
73,1,677
73,1,678
73,1,679
73,1,680
73,1,681
73,1,682
73,1,683
73,1,684
73,1,685
73,1,686
73,1,687
73,1,688
73,1,689
73,1,690
73,1,691
73,1,692
73,1,693
73,1,694
73,1,695
73,1,696
73,1,697
73,1,698
73,1,699
73,1,700
73,1,701
73,1,702
73,1,703
73,1,704
73,1,705
73,1,706
73,1,707
73,1,708
73,1,709
73,1,710
73,1,711
73,1,712
73,1,713
73,1,714
73,1,715
73,1,716
73,1,717
73,1,718
73,1,719
73,1,720
73,1,721
73,1,722
73,1,723
73,1,724
73,1,725
73,1,726
73,1,727
73,1,728
73,1,729
73,1,730
73,1,731
73,1,732
73,1,733
73,1,734
73,1,735
73,1,736
73,1,737
73,1,738
73,1,739
73,1,740
73,1,741
73,1,742
73,1,743
73,1,744
73,1,745
73,1,746
73,1,747
73,1,748
73,1,749
73,1,750
73,1,751
73,1,752
73,1,753
73,1,754
73,1,755
73,1,756
73,1,757
73,1,758
73,1,759
73,1,760
73,1,761
73,1,762
73,1,763
73,1,764
73,1,765
73,1,766
73,1,767
73,1,768
73,1,769
73,1,770
73,1,771
73,1,772
73,1,773
73,1,774
73,1,775
73,1,776
73,1,777
73,1,778
73,1,779
73,1,780
73,1,781
73,1,782
73,1,783
73,1,784
73,1,785
73,1,786
73,1,787
73,1,788
73,1,789
73,1,790
73,1,791
73,1,792
73,1,793
73,1,794
73,1,795
73,1,796
73,1,797
73,1,798
73,1,799
73,1,800
73,1,801
73,1,802
73,1,803
73,1,804
73,1,805
73,1,806
73,1,807
73,1,808
73,1,809
73,1,810
73,1,811
73,1,812
73,1,813
73,1,814
73,1,815
73,1,816
73,1,817
73,1,818
73,1,819
73,1,820
73,1,821
73,1,822
73,1,823
73,1,824
73,1,825
73,1,826
73,1,827
73,1,828
73,1,829
73,1,830
73,1,831
73,2,0
73,2,1
73,2,2
73,2,3
73,2,4
73,2,5
73,2,6
73,2,7
73,2,8
73,2,9
73,2,10
73,2,11
73,2,12
73,2,13
73,2,14
73,2,15
73,2,16
73,2,17
73,2,18
73,2,19
73,2,20
73,2,21
73,2,22
73,2,23
73,2,24
73,2,25
73,2,26
73,2,27
73,2,28
73,2,29
73,2,30
73,2,31
73,2,32
73,2,33
73,2,34
73,2,35
73,2,36
73,2,37
73,2,38
73,2,39
73,2,40
73,2,41
73,2,42
73,2,43
73,2,44
73,2,45
73,2,46
73,2,47
73,2,48
73,2,49
73,2,50
73,2,51
73,2,52
73,2,53
73,2,54
73,2,55
73,2,56
73,2,57
73,2,58
73,2,59
73,2,60
73,2,61
73,2,62
73,2,63
73,2,64
73,2,65
73,2,66
73,2,67
73,2,68
73,2,69
73,2,70
73,2,71
73,2,72
73,2,73
73,2,74
73,2,75
73,2,76
73,2,77
73,2,78
73,2,79
73,2,80
73,2,81
73,2,82
73,2,83
73,2,84
73,2,85
73,2,86
73,2,87
73,2,88
73,2,89
73,2,90
73,2,91
73,2,92
73,2,93
73,2,94
73,2,95
73,2,96
73,2,97
73,2,98
73,2,99
73,2,100
73,2,101
73,2,102
73,2,103
73,2,104
73,2,105
73,2,106
73,2,107
73,2,108
73,2,109
73,2,110
73,2,111
73,2,112
73,2,113
73,2,114
73,2,115
73,2,116
73,2,117
73,2,118
73,2,119
73,2,120
73,2,121
73,2,122
73,2,123
73,2,124
73,2,125
73,2,126
73,2,127
73,2,128
73,2,129
73,2,130
73,2,131
73,2,132
73,2,133
73,2,134
73,2,135
73,2,136
73,2,137
73,2,138
73,2,139
73,2,140
73,2,141
73,2,142
73,2,143
73,2,144
73,2,145
73,2,146
73,2,147
73,2,148
73,2,149
73,2,150
73,2,151
73,2,152
73,2,153
73,2,154
73,2,155
73,2,156
73,2,157
73,2,158
73,2,159
73,2,160
73,2,161
73,2,162
73,2,163
73,2,164
73,2,165
73,2,166
73,2,167
73,2,168
73,2,169
73,2,170
73,2,171
73,2,172
73,2,173
73,2,174
73,2,175
73,2,176
73,2,177
73,2,178
73,2,179
73,2,180
73,2,181
73,2,182
73,2,183
73,2,184
73,2,185
73,2,186
73,2,187
73,2,188
73,2,189
73,2,190
73,2,191
73,2,192
73,2,193
73,2,194
73,2,195
73,2,196
73,2,197
73,2,198
73,2,199
73,2,200
73,2,201
73,2,202
73,2,203
73,2,204
73,2,205
73,2,206
73,2,207
73,2,208
73,2,209
73,2,210
73,2,211
73,2,212
73,2,213
73,2,214
73,2,215
73,2,216
73,2,217
73,2,218
73,2,219
73,2,220
73,2,221
73,2,222
73,2,223
73,2,224
73,2,225
73,2,226
73,2,227
73,2,228
73,2,229
73,2,230
73,2,231
73,2,232
73,2,233
73,2,234
73,2,235
73,2,236
73,2,237
73,2,238
73,2,239
73,2,240
73,2,241
73,2,242
73,2,243
73,2,244
73,2,245
73,2,246
73,2,247
73,2,248
73,2,249
73,2,250
73,2,251
73,2,252
73,2,253
73,2,254
73,2,255
73,2,256
73,2,257
73,2,258
73,2,259
73,2,260
73,2,261
73,2,262
73,2,263
73,2,264
73,2,265
73,2,266
73,2,267
73,2,268
73,2,269
73,2,270
73,2,271
73,2,272
73,2,273
73,2,274
73,2,275
73,2,276
73,2,277
73,2,278
73,2,279
73,2,280
73,2,281
73,2,282
73,2,283
73,2,284
73,2,285
73,2,286
73,2,287
73,2,288
73,2,289
73,2,290
73,2,291
73,2,292
73,2,293
73,2,294
73,2,295
73,2,296
73,2,297
73,2,298
73,2,299
73,2,300
73,2,301
73,2,302
73,2,303
73,2,304
73,2,305
73,2,306
73,2,307
73,2,308
73,2,309
73,2,310
73,2,311
73,2,312
73,2,313
73,2,314
73,2,315
73,2,316
73,2,317
73,2,318
73,2,319
73,2,320
73,2,321
73,2,322
73,2,323
73,2,324
73,2,325
73,2,326
73,2,327
73,2,328
73,2,329
73,2,330
73,2,331
73,2,332
73,2,333
73,2,334
73,2,335
73,2,336
73,2,337
73,2,338
73,2,339
73,2,340
73,2,341
73,2,342
73,2,343
73,2,344
73,2,345
73,2,346
73,2,347
73,2,348
73,2,349
73,2,350
73,2,351
73,2,352
73,2,353
73,2,354
73,2,355
73,2,356
73,2,357
73,2,358
73,2,359
73,2,360
73,2,361
73,2,362
73,2,363
73,2,364
73,2,365
73,2,366
73,2,367
73,2,368
73,2,369
73,2,370
73,2,371
73,2,372
73,2,373
73,2,374
73,2,375
73,2,376
73,2,377
73,2,378
73,2,379
73,2,380
73,2,381
73,2,382
73,2,383
73,2,384
73,2,385
73,2,386
73,2,387
73,2,388
73,2,389
73,2,390
73,2,391
73,2,392
73,2,393
73,2,394
73,2,395
73,2,396
73,2,397
73,2,398
73,2,399
73,2,400
73,2,401
73,2,402
73,2,403
73,2,404
73,2,405
73,2,406
73,2,407
73,2,408
73,2,409
73,2,410
73,2,411
73,2,412
73,2,413
73,2,414
73,2,415
73,2,416
73,2,417
73,2,418
73,2,419
73,2,420
73,2,421
73,2,422
73,2,423
73,2,424
73,2,425
73,2,426
73,2,427
73,2,428
73,2,429
73,2,430
73,2,431
73,2,432
73,2,433
73,2,434
73,2,435
73,2,436
73,2,437
73,2,438
73,2,439
73,2,440
73,2,441
73,2,442
73,2,443
73,2,444
73,2,445
73,2,446
73,2,447
73,2,448
73,2,449
73,2,450
73,2,451
73,2,452
73,2,453
73,2,454
73,2,455
73,2,456
73,2,457
73,2,458
73,2,459
73,2,460
73,2,461
73,2,462
73,2,463
73,2,464
73,2,465
73,2,466
73,2,467
73,2,468
73,2,469
73,2,470
73,2,471
73,2,472
73,2,473
73,2,474
73,2,475
73,2,476
73,2,477
73,2,478
73,2,479
73,2,480
73,2,481
73,2,482
73,2,483
73,2,484
73,2,485
73,2,486
73,2,487
73,2,488
73,2,489
73,2,490
73,2,491
73,2,492
73,2,493
73,2,494
73,2,495
73,2,496
73,2,497
73,2,498
73,2,499
73,2,500
73,2,501
73,2,502
73,2,503
73,2,504
73,2,505
73,2,506
73,2,507
73,2,508
73,2,509
73,2,510
73,2,511
73,2,512
73,2,513
73,2,514
73,2,515
73,2,516
73,2,517
73,2,518
73,2,519
73,2,520
73,2,521
73,2,522
73,2,523
73,2,524
73,2,525
73,2,526
73,2,527
73,2,528
73,2,529
73,2,530
73,2,531
73,2,532
73,2,533
73,2,534
73,2,535
73,2,536
73,2,537
73,2,538
73,2,539
73,2,540
73,2,541
73,2,542
73,2,543
73,2,544
73,2,545
73,2,546
73,2,547
73,2,548
73,2,549
73,2,550
73,2,551
73,2,552
73,2,553
73,2,554
73,2,555
73,2,556
73,2,557
73,2,558
73,2,559
73,2,560
73,2,561
73,2,562
73,2,563
73,2,564
73,2,565
73,2,566
73,2,567
73,2,568
73,2,569
73,2,570
73,2,571
73,2,572
73,2,573
73,2,574
73,2,575
73,2,576
73,2,577
73,2,578
73,2,579
73,2,580
73,2,581
73,2,582
73,2,583
73,2,584
73,2,585
73,2,586
73,2,587
73,2,588
73,2,589
73,2,590
73,2,591
73,2,592
73,2,593
73,2,594
73,2,595
73,2,596
73,2,597
73,2,598
73,2,599
73,2,600
73,2,601
73,2,602
73,2,603
73,2,604
73,2,605
73,2,606
73,2,607
73,2,608
73,2,609
73,2,610
73,2,611
73,2,612
73,2,613
73,2,614
73,2,615
73,2,616
73,2,617
73,2,618
73,3,0
73,3,1
73,3,2
73,3,3
73,3,4
73,3,5
73,3,6
73,3,7
73,3,8
73,3,9
73,3,10
73,3,11
73,3,12
73,3,13
73,3,14
73,3,15
73,3,16
73,3,17
73,3,18
73,3,19
73,3,20
73,3,21
73,3,22
73,3,23
73,3,24
73,3,25
73,3,26
73,3,27
73,3,28
73,3,29
73,3,30
73,3,31
73,3,32
73,3,33
73,3,34
73,3,35
73,3,36
73,3,37
73,3,38
73,3,39
73,3,40
73,3,41
73,3,42
73,3,43
73,3,44
73,3,45
73,3,46
73,3,47
73,3,48
73,3,49
73,3,50
73,3,51
73,3,52
73,3,53
73,3,54
73,3,55
73,3,56
73,3,57
73,3,58
73,3,59
73,3,60
73,3,61
73,3,62
73,3,63
73,3,64
73,3,65
73,3,66
73,3,67
73,3,68
73,3,69
73,3,70
73,3,71
73,3,72
73,3,73
73,3,74
73,3,75
73,3,76
73,3,77
73,3,78
73,3,79
73,3,80
73,3,81
73,3,82
73,3,83
73,3,84
73,3,85
73,3,86
73,3,87
73,3,88
73,3,89
73,3,90
73,3,91
73,3,92
73,3,93
73,3,94
73,3,95
73,3,96
73,3,97
73,3,98
73,3,99
73,3,100
73,3,101
73,3,102
73,3,103
73,3,104
73,3,105
73,3,106
73,3,107
73,3,108
73,3,109
73,3,110
73,3,111
73,3,112
73,3,113
73,3,114
73,3,115
73,3,116
73,3,117
73,3,118
73,3,119
73,3,120
73,3,121
73,3,122
73,3,123
73,3,124
73,3,125
73,3,126
73,3,127
73,3,128
73,3,129
73,3,130
73,3,131
73,3,132
73,3,133
73,3,134
73,3,135
73,3,136
73,3,137
73,3,138
73,3,139
73,3,140
73,3,141
73,3,142
73,3,143
73,3,144
73,3,145
73,3,146
73,3,147
73,3,148
73,3,149
73,3,150
73,3,151
73,3,152
73,3,153
73,3,154
73,3,155
73,3,156
73,3,157
73,3,158
73,3,159
73,3,160
73,3,161
73,3,162
73,3,163
73,3,164
73,3,165
73,3,166
73,3,167
73,3,168
73,3,169
73,3,170
73,3,171
73,3,172
73,3,173
73,3,174
73,3,175
73,3,176
73,3,177
73,3,178
73,3,179
73,3,180
73,3,181
73,3,182
73,3,183
73,3,184
73,3,185
73,3,186
73,3,187
73,3,188
73,3,189
73,3,190
73,3,191
73,3,192
73,3,193
73,3,194
73,3,195
73,3,196
73,3,197
73,3,198
73,3,199
73,3,200
73,3,201
73,3,202
73,3,203
73,3,204
73,3,205
73,3,206
73,3,207
73,3,208
73,3,209
73,3,210
73,3,211
73,3,212
73,3,213
73,3,214
73,3,215
73,3,216
73,3,217
73,3,218
73,3,219
73,3,220
73,3,221
73,3,222
73,3,223
73,3,224
73,3,225
73,3,226
73,3,227
73,3,228
73,3,229
73,3,230
73,3,231
73,3,232
73,3,233
73,3,234
73,3,235
73,3,236
73,3,237
73,3,238
73,3,239
73,3,240
73,3,241
73,3,242
73,3,243
73,3,244
73,3,245
73,3,246
73,3,247
73,3,248
73,3,249
73,3,250
73,3,251
73,3,252
73,3,253
73,3,254
73,3,255
73,3,256
73,3,257
73,3,258
73,3,259
73,3,260
73,3,261
73,3,262
73,3,263
73,3,264
73,3,265
73,3,266
73,3,267
73,4,0
73,4,1
73,4,2
73,4,3
73,4,4
73,4,5
73,4,6
73,4,7
73,4,8
73,4,9
73,4,10
73,4,11
73,4,12
73,4,13
73,4,14
73,4,15
73,4,16
73,4,17
73,4,18
73,4,19
73,4,20
73,4,21
73,4,22
73,4,23
73,4,24
73,4,25
73,4,26
73,4,27
73,4,28
73,4,29
73,4,30
73,4,31
73,4,32
73,4,33
73,4,34
73,4,35
73,4,36
73,4,37
73,4,38
73,4,39
73,4,40
73,4,41
73,4,42
73,4,43
73,4,44
73,4,45
73,4,46
73,4,47
73,4,48
73,4,49
73,4,50
73,4,51
73,4,52
73,4,53
73,4,54
73,4,55
73,4,56
73,4,57
73,4,58
73,4,59
73,4,60
73,4,61
73,4,62
73,4,63
73,4,64
73,4,65
73,4,66
73,4,67
73,4,68
73,4,69
73,4,70
73,4,71
73,4,72
73,4,73
73,4,74
73,4,75
73,4,76
73,4,77
73,4,78
73,4,79
73,4,80
73,4,81
73,4,82
73,4,83
73,4,84
73,4,85
73,4,86
73,4,87
73,4,88
73,4,89
73,4,90
73,4,91
73,4,92
73,4,93
73,4,94
73,4,95
73,4,96
73,4,97
73,4,98
73,4,99
73,4,100
73,4,101
73,4,102
73,4,103
73,4,104
73,4,105
73,4,106
73,4,107
73,4,108
73,4,109
73,4,110
73,4,111
73,4,112
73,4,113
73,4,114
73,4,115
73,4,116
73,4,117
73,4,118
73,4,119
73,4,120
73,4,121
73,4,122
73,4,123
73,4,124
73,4,125
73,4,126
73,4,127
73,4,128
73,4,129
73,4,130
73,4,131
73,4,132
73,4,133
73,4,134
73,4,135
73,4,136
73,4,137
73,4,138
73,4,139
73,4,140
73,4,141
73,4,142
73,4,143
73,4,144
73,4,145
73,4,146
73,4,147
73,4,148
73,4,149
73,4,150
73,4,151
73,4,152
73,4,153
73,4,154
73,4,155
73,4,156
73,4,157
73,4,158
73,4,159
73,4,160
73,4,161
73,4,162
73,4,163
73,4,164
73,4,165
73,4,166
73,4,167
73,4,168
73,4,169
73,4,170
73,4,171
73,4,172
73,4,173
73,4,174
73,4,175
73,4,176
73,4,177
73,4,178
73,4,179
73,4,180
73,4,181
73,4,182
73,4,183
73,4,184
73,4,185
73,4,186
73,4,187
73,4,188
73,4,189
73,4,190
73,4,191
73,4,192
73,4,193
73,4,194
73,4,195
73,4,196
73,4,197
73,4,198
73,4,199
73,4,200
73,4,201
73,4,202
73,4,203
73,4,204
73,4,205
73,4,206
73,4,207
73,4,208
73,4,209
73,4,210
73,4,211
73,4,212
73,4,213
73,4,214
73,4,215
73,4,216
73,4,217
73,4,218
73,4,219
73,4,220
73,4,221
73,4,222
73,4,223
73,4,224
73,4,225
73,4,226
73,4,227
73,4,228
73,4,229
73,4,230
73,4,231
73,4,232
73,4,233
73,4,234
73,4,235
73,4,236
73,4,237
73,4,238
73,4,239
73,4,240
73,4,241
73,4,242
73,4,243
73,4,244
73,4,245
73,4,246
73,4,247
73,4,248
73,4,249
73,4,250
73,4,251
73,4,252
73,4,253
73,4,254
73,4,255
73,4,256
73,4,257
73,4,258
73,4,259
73,4,260
73,4,261
73,4,262
73,4,263
73,4,264
73,4,265
73,4,266
73,4,267
73,4,268
73,4,269
73,4,270
73,4,271
73,4,272
73,4,273
73,4,274
73,4,275
73,4,276
73,4,277
73,4,278
73,4,279
73,4,280
73,4,281
73,4,282
73,4,283
73,4,284
73,4,285
73,4,286
73,4,287
73,4,288
73,4,289
73,4,290
73,4,291
73,4,292
73,4,293
73,4,294
73,4,295
73,4,296
73,4,297
73,4,298
73,4,299
73,4,300
73,4,301
73,4,302
73,4,303
73,4,304
73,4,305
73,4,306
73,4,307
73,4,308
73,4,309
73,4,310
73,4,311
73,4,312
73,4,313
73,4,314
73,4,315
73,4,316
73,4,317
73,4,318
73,4,319
73,4,320
73,4,321
73,4,322
73,4,323
73,4,324
73,4,325
73,4,326
73,4,327
73,4,328
73,4,329
73,4,330
73,4,331
73,4,332
73,4,333
73,4,334
73,4,335
73,4,336
73,4,337
73,4,338
73,4,339
73,4,340
73,4,341
73,4,342
73,4,343
73,4,344
73,4,345
73,4,346
73,4,347
73,4,348
73,4,349
73,4,350
73,4,351
73,4,352
73,4,353
73,4,354
73,4,355
73,4,356
73,4,357
73,4,358
73,4,359
73,4,360
73,4,361
73,4,362
73,4,363
73,4,364
73,4,365
73,4,366
73,4,367
73,4,368
73,4,369
73,4,370
73,4,371
73,4,372
73,4,373
73,4,374
73,4,375
73,4,376
73,4,377
73,4,378
73,4,379
73,4,380
73,4,381
73,4,382
73,4,383
73,4,384
73,4,385
73,4,386
73,4,387
73,4,388
73,4,389
73,4,390
73,4,391
73,4,392
73,4,393
73,4,394
73,4,395
73,4,396
73,4,397
73,4,398
73,4,399
73,4,400
73,4,401
73,4,402
73,4,403
73,4,404
73,4,405
73,4,406
73,4,407
73,4,408
73,4,409
73,4,410
73,4,411
73,4,412
73,4,413
73,4,414
73,4,415
73,4,416
73,4,417
73,4,418
73,4,419
73,4,420
73,4,421
73,4,422
73,4,423
73,4,424
73,4,425
73,4,426
73,4,427
73,4,428
73,4,429
73,4,430
73,4,431
73,4,432
73,4,433
73,4,434
73,4,435
73,4,436
73,4,437
73,4,438
73,4,439
73,4,440
73,4,441
73,4,442
73,4,443
73,4,444
73,4,445
73,4,446
73,4,447
73,4,448
73,4,449
73,4,450
73,4,451
73,4,452
73,4,453
73,4,454
73,4,455
73,4,456
73,4,457
73,4,458
73,4,459
73,4,460
73,4,461
73,4,462
73,4,463
73,4,464
73,4,465
73,4,466
73,4,467
73,4,468
73,4,469
73,4,470
73,4,471
73,4,472
73,4,473
73,4,474
73,4,475
73,4,476
73,4,477
73,4,478
73,4,479
73,4,480
73,4,481
73,4,482
73,4,483
73,4,484
73,4,485
73,4,486
73,4,487
73,4,488
73,4,489
73,4,490
73,4,491
73,4,492
73,4,493
73,4,494
73,4,495
73,4,496
73,4,497
73,4,498
73,4,499
73,4,500
73,4,501
73,4,502
73,4,503
73,4,504
73,4,505
73,4,506
73,4,507
73,4,508
73,4,509
73,4,510
73,4,511
73,4,512
73,4,513
73,4,514
73,4,515
73,4,516
73,4,517
73,4,518
73,4,519
73,4,520
73,4,521
73,4,522
73,4,523
73,4,524
73,4,525
73,4,526
73,4,527
73,4,528
73,4,529
73,4,530
73,4,531
73,4,532
73,4,533
73,4,534
73,4,535
73,4,536
73,4,537
73,4,538
73,4,539
73,4,540
73,4,541
73,4,542
73,4,543
73,4,544
73,4,545
73,4,546
73,4,547
73,4,548
73,4,549
73,4,550
73,4,551
73,4,552
73,4,553
73,4,554
73,4,555
73,4,556
73,4,557
73,4,558
73,4,559
73,4,560
